,,,,,,,Length class (mb),,,,,Length class (kb),,,,,,
Animal ID,State,LGA,Cluster,No. ROH,Total length ROH (kb),Average length ROH (kb),0-0.2,0.2-0.4,0.4-0.8,0.8-1.6,>1.6,>100,>500,>1000,Froh,Froh for ROHs >100 kb,Froh for ROHs >500 kb,Froh for ROH > 1 Mb
Armidale-F-M50273,NSW,Armidale,M_NSW,2213,475298,214.78,1543,450,168,49,3,475297.69,118442.74,29102.34,0.15,0.15,0.04,0.01
BMnt-F-7041500,NSW,BlueMountains,M_NSW,2785,694378,249.33,1722,639,327,87,10,694378.11,221356.84,57542.29,0.23,0.23,0.07,0.02
BMnt-F-7094923,NSW,BlueMountains,M_NSW,2440,525789,215.49,1676,514,209,37,4,525789.04,115536.52,30223.55,0.17,0.17,0.04,0.01
BMnt-F-7094976,NSW,BlueMountains,M_NSW,2853,712991,249.91,1795,620,332,102,4,712991.30,242894.36,66003.22,0.23,0.23,0.08,0.02
BMnt-F-7094979,NSW,BlueMountains,M_NSW,2633,605402,229.93,1759,553,249,69,3,605401.77,169490.52,39766.22,0.20,0.20,0.06,0.01
BMnt-M-7041293,NSW,BlueMountains,M_NSW,2892,739236,255.61,1744,682,360,98,8,739236.49,246016.04,74739.80,0.24,0.24,0.08,0.02
BMnt-M-7041492,NSW,BlueMountains,M_NSW,2656,605100,227.82,1779,559,247,65,6,605099.85,162573.06,45572.94,0.20,0.20,0.05,0.01
BMnt-U-7041191,NSW,BlueMountains,M_NSW,2386,469163,196.63,1753,441,163,29,0,469162.62,88571.52,16254.14,0.15,0.15,0.03,0.01
Coffs-Harbour-F-M44977,NSW,CoffsHarbour,M_NSW,2186,423388,193.68,1604,440,123,18,1,423388.30,64811.11,8748.03,0.14,0.14,0.02,0.00
Coffs-Harbour-F-M47046,NSW,CoffsHarbour,M_NSW,2229,492211,220.82,1499,472,204,52,2,492211.09,126826.05,25004.91,0.16,0.16,0.04,0.01
Coffs-M-44984,NSW,CoffsHarbour,M_NSW,2170,438937,202.28,1537,448,158,26,1,438937.36,80047.84,9252.91,0.14,0.14,0.03,0.00
F-Beach-RS-PTS,NSW,PortStephens,M_NSW,4989,1080000,216.71,3076,1461,412,40,0,1081186.72,155813.98,9778.78,0.35,0.35,0.05,0.00
F-DECC104-GUH,NSW,LiverpoolPlains,M_NSW,4310,921760,213.87,2690,1264,328,28,0,921759.84,128776.28,5834.60,0.30,0.30,0.04,0.00
F-DECC130-GUH,NSW,LiverpoolPlains,M_NSW,3349,680739,203.27,2231,855,248,15,0,680739.39,85547.96,2663.76,0.22,0.22,0.03,0.00
F-DECC137F-GUH,NSW,LiverpoolPlains,M_NSW,3773,775110,205.44,2468,1020,260,25,0,775110.39,91566.01,5928.09,0.25,0.25,0.03,0.00
F-DECC162-GUH,NSW,LiverpoolPlains,M_NSW,3706,768390,207.34,2387,1043,258,17,1,768389.96,90466.83,7481.11,0.25,0.25,0.03,0.00
F-Eila-PTS,NSW,PortStephens,M_NSW,4120,873009,211.90,2610,1152,334,24,0,873009.02,114397.21,7974.75,0.28,0.28,0.04,0.00
F-Gilchrist-PTS,NSW,PortStephens,M_NSW,3852,821105,213.16,2418,1106,308,19,1,821104.54,104809.67,7755.36,0.27,0.27,0.03,0.00
F-Joanie-PTS,NSW,PortStephens,M_NSW,4138,879416,212.52,2580,1209,325,23,1,879415.58,111999.70,7903.66,0.29,0.29,0.04,0.00
F-MidnightR-PTS,NSW,PortStephens,M_NSW,4327,914116,211.26,2753,1201,349,24,0,914115.74,124770.97,4527.67,0.30,0.30,0.04,0.00
F-SES-Maree-PTS,NSW,PortStephens,M_NSW,3640,757818,208.19,2337,1007,273,22,1,757818.24,97351.78,7096.21,0.25,0.25,0.03,0.00
F-USYD062F-GUH,NSW,LiverpoolPlains,M_NSW,3696,748743,202.58,2430,1015,234,16,0,748743.36,80255.74,4688.34,0.24,0.24,0.03,0.00
F-USYD089F-GUH,NSW,LiverpoolPlains,M_NSW,3206,645608,201.38,2103,872,221,10,0,645607.63,66629.38,2387.76,0.21,0.21,0.02,0.00
Liverpool-Plains-F-M48961,NSW,LiverpoolPlains,M_NSW,2598,664639,255.83,1590,574,340,90,4,664638.69,229216.60,60908.22,0.22,0.22,0.07,0.02
Liverpool-Plains-F-M48962,NSW,LiverpoolPlains,M_NSW,2894,750418,259.30,1692,710,388,98,6,750417.90,252761.90,54288.43,0.24,0.24,0.08,0.02
Liverpool-Plains-F-M48974,NSW,LiverpoolPlains,M_NSW,2556,626082,244.95,1602,585,293,71,5,626081.50,194402.20,58779.63,0.20,0.20,0.06,0.02
Liverpool-Plains-M-M46161,NSW,LiverpoolPlains,M_NSW,3610,999380,276.84,1878,1064,529,128,11,999380.48,340767.99,85279.74,0.33,0.33,0.11,0.03
Liverpool-Plains-M-M48983,NSW,LiverpoolPlains,M_NSW,3752,1090000,289.61,1874,1072,639,153,14,1086613.12,407787.89,92651.73,0.35,0.35,0.13,0.03
LPlains-F-48964,NSW,LiverpoolPlains,M_NSW,3149,911725,289.53,1664,835,478,165,7,911625.13,361377.30,109021.88,0.30,0.30,0.12,0.04
LPlains-F-49019,NSW,LiverpoolPlains,M_NSW,3272,900563,275.23,1779,886,472,123,12,900562.74,322289.93,102175.16,0.29,0.29,0.10,0.03
LPlains-M-48967,NSW,LiverpoolPlains,M_NSW,3299,920365,278.98,1770,889,484,151,5,920365.05,332047.45,92919.29,0.30,0.30,0.11,0.03
LPlains-M-48973,NSW,LiverpoolPlains,M_NSW,3120,835992,267.95,1739,818,427,129,7,835991.57,289868.83,67017.02,0.27,0.27,0.09,0.02
LPlains-M-49001,NSW,LiverpoolPlains,M_NSW,3703,1060000,286.15,1929,1029,558,180,7,1059607.28,389000.08,106129.01,0.35,0.34,0.13,0.03
LPlains-U-46160,NSW,LiverpoolPlains,M_NSW,3759,1140000,302.06,1852,1053,653,189,12,1135440.34,465403.31,147307.75,0.37,0.37,0.15,0.05
M47634_001,NSW,SouthKempsey,M_NSW,2855,643302,225.33,1832,695,278,48,2,643301.62,148702.38,24763.02,0.21,0.21,0.05,0.01
M49020_001,NSW,LiverpoolPlains,M_NSW,3469,912371,263.01,1911,985,463,106,4,912370.54,275148.67,62770.23,0.30,0.30,0.09,0.02
M49021_001,NSW,LiverpoolPlains,M_NSW,3605,930152,258.02,1982,1033,481,104,5,930152.08,278645.89,49656.85,0.30,0.30,0.09,0.02
M49023_001,NSW,LiverpoolPlains,M_NSW,3333,843924,253.20,1906,885,456,83,3,843924.25,238571.04,49687.53,0.27,0.27,0.08,0.02
M-DECC015-GUH,NSW,LiverpoolPlains,M_NSW,3845,800632,208.23,2453,1080,290,22,0,800632.32,94875.67,3998.70,0.26,0.26,0.03,0.00
M-DECC076-GUH,NSW,LiverpoolPlains,M_NSW,3814,781570,204.92,2472,1066,260,16,0,781570.38,92726.62,7171.69,0.25,0.25,0.03,0.00
M-Galloping-PTS,NSW,PortStephens,M_NSW,4363,937598,214.90,2725,1246,363,29,0,937597.95,131355.64,7703.90,0.31,0.31,0.04,0.00
M-Howie-PTS,NSW,PortStephens,M_NSW,3632,741750,204.23,2370,994,245,23,0,741649.80,83268.11,6381.67,0.24,0.24,0.03,0.00
M-Solstice-PTS,NSW,PortStephens,M_NSW,3243,662401,204.26,2133,867,222,20,1,662401.19,77834.25,7674.12,0.22,0.22,0.03,0.00
M-Tai-PTS,NSW,PortStephens,M_NSW,4151,867195,208.91,2679,1126,319,27,0,867195.25,116280.59,7434.76,0.28,0.28,0.04,0.00
M-USYD014-GUH,NSW,LiverpoolPlains,M_NSW,3745,774901,206.92,2438,1011,272,24,0,774901.12,97728.47,6087.78,0.25,0.25,0.03,0.00
M-USYD040-GUH,NSW,LiverpoolPlains,M_NSW,3810,799694,209.89,2445,1054,292,19,0,799693.62,105518.18,3485.61,0.26,0.26,0.03,0.00
M-USYD098M-GUH,NSW,LiverpoolPlains,M_NSW,3993,824175,206.41,2573,1132,272,16,0,824174.71,88115.50,2224.31,0.27,0.27,0.03,0.00
Pillig-F-M47418,NSW,Pilliga,M_NSW,369,52247,141.59,339,27,2,1,0,52246.70,1917.05,1380.37,0.02,0.02,0.00,0.00
Pillig-M-M47035,NSW,Pilliga,M_NSW,389,56959,146.42,349,36,3,1,0,56958.97,2401.46,1361.13,0.02,0.02,0.00,0.00
Pillig-M-M47420,NSW,Pilliga,M_NSW,2419,650215,268.80,1442,546,309,117,5,650214.62,241043.35,85402.20,0.21,0.21,0.08,0.03
PMac-F-81925,NSW,PortMacquarie,M_NSW,2673,635455,237.73,1713,610,266,79,5,635455.44,182723.21,58413.36,0.21,0.21,0.06,0.02
PMac-F-81926,NSW,PortMacquarie,M_NSW,2358,519492,220.31,1592,498,227,38,3,519491.67,126562.32,20561.25,0.17,0.17,0.04,0.01
PMac-F-81927,NSW,PortMacquarie,M_NSW,2425,550905,227.18,1562,569,251,40,3,550904.65,129708.10,29841.15,0.18,0.18,0.04,0.01
PMac-F-81996,NSW,PortMacquarie,M_NSW,2205,480112,217.74,1498,471,190,43,3,480111.92,114606.01,27869.51,0.16,0.16,0.04,0.01
PMac-M-81900,NSW,PortMacquarie,M_NSW,2752,668546,242.93,1682,676,319,69,6,668545.96,190501.88,47709.94,0.22,0.22,0.06,0.02
PMac-M-81913,NSW,PortMacquarie,M_NSW,2515,567303,225.57,1676,528,246,64,1,567203.44,150641.56,30682.20,0.18,0.18,0.05,0.01
PMac-M-81967,NSW,PortMacquarie,M_NSW,2257,504648,223.59,1546,459,192,53,7,504647.65,129261.29,40554.43,0.16,0.16,0.04,0.01
PortMac-F-50048,NSW,PortMacquarie,M_NSW,2408,555518,230.70,1609,496,236,63,4,555517.72,156883.71,52031.00,0.18,0.18,0.05,0.02
PortMac-M-50047,NSW,PortMacquarie,M_NSW,2522,595804,236.24,1600,571,287,61,3,595803.82,170984.91,29569.49,0.19,0.19,0.06,0.01
Port-Macquarie-F-Emma,NSW,PortMacquarie,M_NSW,2306,543608,235.74,1502,517,222,59,6,543607.62,159471.34,54112.68,0.18,0.18,0.05,0.02
Port-Macquarie-F-M50239,NSW,PortMacquarie,M_NSW,2182,478269,219.19,1494,457,184,43,4,478269.33,119166.44,29918.76,0.16,0.16,0.04,0.01
Port-Macquarie-M-Callum,NSW,PortMacquarie,M_NSW,2394,536756,224.21,1593,530,220,50,1,536756.31,136985.48,34160.98,0.17,0.17,0.04,0.01
Port-Macquarie-M-M50237,NSW,PortMacquarie,M_NSW,2155,469957,218.08,1508,418,178,49,2,469957.01,126300.94,29117.82,0.15,0.15,0.04,0.01
Armid-M-M7070,NSW,Armidale,N_QLD,2352,587763,249.90,1442,557,267,80,6,587762.93,192913.96,54294.21,0.19,0.19,0.06,0.02
Atherton-M,QLD,Atherton,N_QLD,2115,440657,208.35,1468,464,142,40,1,440656.93,92844.72,24277.75,0.14,0.14,0.03,0.01
F_Bubbles_MBR,QLD,MoretonBay,N_QLD,1972,461221,233.89,1282,432,200,55,3,461220.71,132687.20,30747.09,0.15,0.15,0.04,0.01
F_Coco_MBR,QLD,MoretonBay,N_QLD,2215,537692,242.75,1380,517,251,63,4,537692.36,165548.80,42256.85,0.18,0.18,0.05,0.01
F_Jadore_MBR,QLD,MoretonBay,N_QLD,1950,427362,219.16,1315,424,174,34,3,427362.18,101327.76,26302.68,0.14,0.14,0.03,0.01
F_Josie_MBR,QLD,MoretonBay,N_QLD,3553,1090000,306.48,1675,1052,637,178,11,1088909.97,448707.50,119395.80,0.35,0.35,0.15,0.04
F_Julia_MBR,QLD,MoretonBay,N_QLD,3051,944991,309.73,1477,857,541,161,15,944991.31,403497.33,121111.26,0.31,0.31,0.13,0.04
F_Lana_MBR,QLD,MoretonBay,N_QLD,2167,495328,228.58,1381,521,221,44,0,495327.79,119621.33,25455.17,0.16,0.16,0.04,0.01
F_Millie_MBR,QLD,MoretonBay,N_QLD,2286,553935,242.32,1387,578,256,62,3,553934.80,152024.54,31606.08,0.18,0.18,0.05,0.01
F_Rizzo_MBR,QLD,MoretonBay,N_QLD,2258,608627,269.54,1311,550,301,87,9,608626.66,221799.13,75361.52,0.20,0.20,0.07,0.02
F_Tamara_O_MBR,QLD,MoretonBay,N_QLD,2206,523325,237.23,1394,520,225,65,2,523325.16,149333.81,39202.33,0.17,0.17,0.05,0.01
F_Tanja_MBR,QLD,MoretonBay,N_QLD,2114,531051,251.21,1309,499,221,81,4,531051.17,180839.58,52982.46,0.17,0.17,0.06,0.02
F_The_Hoff_MBR,QLD,MoretonBay,N_QLD,1944,465585,239.50,1242,421,220,59,2,465585.32,144741.36,40880.01,0.15,0.15,0.05,0.01
FarNorthQLD-K2,QLD,Gilberton,N_QLD,2002,428018,213.80,1366,441,164,27,4,428017.94,90658.16,14995.90,0.14,0.14,0.03,0.00
FarNorthQLD-K3,QLD,Gilberton,N_QLD,1993,428533,215.02,1348,440,166,38,1,428432.96,97846.45,23483.56,0.14,0.14,0.03,0.01
FCoast-F-51032,QLD,FraserCoast,N_QLD,3262,847265,259.74,1757,977,435,88,5,847264.97,236127.23,53422.59,0.28,0.28,0.08,0.02
FCoast-M-61304,QLD,FraserCoast,N_QLD,3893,1060000,273.23,1942,1241,594,112,4,1063663.16,332120.21,51190.97,0.35,0.35,0.11,0.02
FCoast-M-61459,QLD,FraserCoast,N_QLD,1623,297511,183.31,1207,321,90,4,0,297511.22,30504.30,1087.53,0.10,0.10,0.01,0.00
FCoast-M-93594,QLD,FraserCoast,N_QLD,2368,590132,249.21,1411,605,272,76,4,590131.62,181616.32,47011.71,0.19,0.19,0.06,0.02
Fraser_F_72461,QLD,FraserCoast,N_QLD,3733,1080000,288.52,1827,1119,637,143,7,1077045.32,384421.31,82021.02,0.35,0.35,0.13,0.03
Fraser_M_77266,QLD,FraserCoast,N_QLD,3061,765556,250.10,1713,872,415,59,2,765556.17,208955.47,32491.66,0.25,0.25,0.07,0.01
Fraser_U_57909,QLD,FraserCoast,N_QLD,3419,853363,249.59,1873,1037,450,59,0,853362.98,225351.94,21644.38,0.28,0.28,0.07,0.01
Fraser-M-72855,QLD,FraserCoast,N_QLD,3834,1060000,275.92,1928,1179,586,136,5,1057785.22,346305.93,71070.60,0.35,0.34,0.11,0.02
Fraser-M-79972,QLD,FraserCoast,N_QLD,3211,917445,285.72,1628,955,487,131,10,917444.56,328658.17,89620.04,0.30,0.30,0.11,0.03
Fraser-M-87546,QLD,FraserCoast,N_QLD,2772,733549,264.63,1537,731,419,79,6,733549.39,235043.94,57388.50,0.24,0.24,0.08,0.02
Gympie_F_82257,QLD,Gympie,N_QLD,1852,371770,200.74,1301,400,133,18,0,371769.58,65377.48,8501.03,0.12,0.12,0.02,0.00
Gympie_F_92626,QLD,Gympie,N_QLD,1649,306375,185.79,1237,311,89,11,1,306374.94,42180.83,7702.70,0.10,0.10,0.01,0.00
Gympie_F_93216,QLD,Gympie,N_QLD,1722,324052,188.18,1306,306,95,15,0,324052.40,48464.96,6107.20,0.11,0.11,0.02,0.00
Gympie_F_93694,QLD,Gympie,N_QLD,3348,913755,272.93,1754,980,496,112,6,913755.25,298815.50,54395.19,0.30,0.30,0.10,0.02
Gympie_M_87743,QLD,Gympie,N_QLD,1856,380915,205.23,1323,359,152,21,1,380915.13,78066.41,11540.55,0.12,0.12,0.03,0.00
Gympie_M_95464,QLD,Gympie,N_QLD,1600,302730,189.21,1196,301,89,14,0,302730.41,44797.42,4547.89,0.10,0.10,0.01,0.00
HVale-F-Claire,QLD,HiddenVale,N_QLD,1936,419811,216.84,1302,413,188,33,0,419810.77,97579.55,11505.45,0.14,0.14,0.03,0.00
HVale-F-Shamala,QLD,HiddenVale,N_QLD,1632,331373,203.05,1196,299,107,26,4,331372.55,69565.47,22558.39,0.11,0.11,0.02,0.01
LivSton-F-54945,QLD,LivingStone,N_QLD,2475,586659,237.03,1549,597,272,55,2,586658.85,159390.16,38412.02,0.19,0.19,0.05,0.01
M_Andrew_MBR,QLD,MoretonBay,N_QLD,1860,414156,222.66,1245,407,170,34,4,414155.85,102034.90,34980.44,0.13,0.13,0.03,0.01
M_Bobby_MBR,QLD,MoretonBay,N_QLD,2250,595241,264.55,1332,520,299,85,14,595240.51,215469.56,67422.26,0.19,0.19,0.07,0.02
M_Branson_MBR,QLD,MoretonBay,N_QLD,2388,697687,292.16,1311,561,384,120,12,697687.37,302767.04,91993.02,0.23,0.23,0.10,0.03
M_Dazza_MBR,QLD,MoretonBay,N_QLD,2176,521559,239.69,1343,530,248,52,3,521558.82,146379.99,29024.32,0.17,0.17,0.05,0.01
M_Doddy_MBR,QLD,MoretonBay,N_QLD,1914,420460,219.68,1281,410,184,38,1,420459.82,98718.10,27562.74,0.14,0.14,0.03,0.01
M50293_001,NSW,Inverell,N_QLD,2411,588020,243.89,1444,635,262,68,2,588019.83,158121.15,43893.87,0.19,0.19,0.05,0.01
Mackay-F-63479,QLD,Mackay,N_QLD,2453,583125,237.72,1511,622,253,62,5,583124.53,161388.00,33038.38,0.19,0.19,0.05,0.01
Noosa_F_65657,QLD,Noosa,N_QLD,2370,516637,217.99,1536,586,222,26,0,516637.50,102064.44,13759.58,0.17,0.17,0.03,0.00
Noosa_F_70593,QLD,Noosa,N_QLD,3215,821700,255.58,1744,956,439,73,3,821699.73,227537.38,38907.70,0.27,0.27,0.07,0.01
Noosa_F_74009,QLD,Noosa,N_QLD,2174,484722,222.96,1389,546,205,34,0,484722.02,111851.03,16698.88,0.16,0.16,0.04,0.01
Noosa_F_79303,QLD,Noosa,N_QLD,2667,680189,255.04,1510,731,351,72,3,680189.00,210092.98,41070.80,0.22,0.22,0.07,0.01
Noosa_M_49880,QLD,Noosa,N_QLD,1821,361509,198.52,1287,400,118,15,1,361509.28,54706.82,6563.21,0.12,0.12,0.02,0.00
Noosa_M_79211,QLD,Noosa,N_QLD,4412,1220000,275.98,2168,1433,680,126,5,1217617.17,374009.24,75252.51,0.40,0.40,0.12,0.02
Noosa_M_79763,QLD,Noosa,N_QLD,1824,387409,212.40,1279,354,160,31,0,387409.47,92949.26,20953.20,0.13,0.13,0.03,0.01
NthBurn-F-72194,QLD,NorthBurnett,N_QLD,2888,737587,255.40,1582,837,399,68,2,737586.81,211170.53,31857.05,0.24,0.24,0.07,0.01
NthBurn-F-87227,QLD,NorthBurnett,N_QLD,2005,455371,227.12,1322,439,194,47,3,455370.68,121545.31,29163.37,0.15,0.15,0.04,0.01
NthBurn-M-55989,QLD,NorthBurnett,N_QLD,2090,469360,224.57,1351,497,197,41,4,469359.98,108839.16,27182.77,0.15,0.15,0.04,0.01
NthBurn-M-73175,QLD,NorthBurnett,N_QLD,2854,736731,258.14,1649,748,355,95,7,736731.50,236401.92,68316.59,0.24,0.24,0.08,0.02
Pillig_M_M47976,NSW,Pilliga,N_QLD,2304,597827,259.47,1395,524,297,83,5,597827.30,203968.32,58855.16,0.19,0.19,0.07,0.02
Redland-F-94829,QLD,Redland,N_QLD,2330,591692,253.95,1394,582,264,84,6,591691.98,186778.60,61951.78,0.19,0.19,0.06,0.02
Redland-F-95776,QLD,Redland,N_QLD,2160,542259,251.05,1297,540,252,65,6,542258.51,165695.29,49335.33,0.18,0.18,0.05,0.02
SthBurn-F-85725,QLD,SouthBurnett,N_QLD,2565,669962,261.19,1462,644,376,80,3,669961.91,220782.24,48233.86,0.22,0.22,0.07,0.02
SthBurn-F-86009,QLD,SouthBurnett,N_QLD,1712,348459,203.54,1235,312,139,25,1,348458.76,75357.87,12932.41,0.11,0.11,0.02,0.00
SthBurn-F-86231,QLD,SouthBurnett,N_QLD,1607,303594,188.92,1204,286,100,17,0,303594.28,44350.09,6962.41,0.10,0.10,0.01,0.00
SthBurn-F-86628,QLD,SouthBurnett,N_QLD,1905,404708,212.45,1328,377,165,34,1,404707.67,91143.05,18828.90,0.13,0.13,0.03,0.01
SthBurn-F-86919,QLD,SouthBurnett,N_QLD,1772,372910,210.45,1228,375,142,26,1,372910.25,80872.09,17336.28,0.12,0.12,0.03,0.01
SthBurn-F-93286,QLD,SouthBurnett,N_QLD,1708,340300,199.24,1248,323,113,24,0,340299.75,59480.29,14296.46,0.11,0.11,0.02,0.00
SthBurn-F-95162,QLD,SouthBurnett,N_QLD,1660,318866,192.09,1207,338,101,14,0,318866.35,45601.07,6859.76,0.10,0.10,0.01,0.00
SthBurn-M-53159,QLD,SouthBurnett,N_QLD,1996,422459,211.65,1358,440,169,28,1,422459.31,80690.80,17022.54,0.14,0.14,0.03,0.01
SthBurn-M-65901,QLD,SouthBurnett,N_QLD,1860,391974,210.74,1270,413,153,23,1,391973.98,81871.06,16526.40,0.13,0.13,0.03,0.01
SthBurn-M-80665,QLD,SouthBurnett,N_QLD,1897,393652,207.51,1325,384,166,21,1,393652.24,78007.00,9796.07,0.13,0.13,0.03,0.00
Sunshine-Coast-M-76877,QLD,SunshineCoast,N_QLD,3558,1060000,298.98,1762,987,623,177,9,1063773.74,429511.44,111856.66,0.35,0.35,0.14,0.04
Sunshine-Coast-M-79598,QLD,SunshineCoast,N_QLD,1791,361642,201.92,1279,350,143,19,0,361641.52,66160.54,8285.16,0.12,0.12,0.02,0.00
Sunshine-Coast-M-79817,QLD,SunshineCoast,N_QLD,2204,552142,250.52,1344,518,274,60,8,552142.35,173634.86,45831.52,0.18,0.18,0.06,0.01
Sunshine-Coast-M-86054,QLD,SunshineCoast,N_QLD,1870,379036,202.69,1349,350,146,24,1,379036.20,75761.51,11439.95,0.12,0.12,0.02,0.00
Toowoo_F_58264,QLD,Toowoomba,N_QLD,3440,909858,264.49,1886,932,522,99,1,909858.34,285958.89,53148.20,0.30,0.30,0.09,0.02
Toowoo_F_79193,QLD,Toowoomba,N_QLD,1913,404248,211.32,1274,449,166,23,1,404247.54,77361.33,10677.21,0.13,0.13,0.03,0.00
Toowoomba-F-55522,QLD,Toowoomba,N_QLD,1907,427392,224.12,1266,424,180,33,4,427392.33,108654.36,22385.21,0.14,0.14,0.04,0.01
Toowoomba-F-58076,QLD,Toowoomba,N_QLD,2418,607510,251.25,1408,634,304,69,3,607509.81,192423.87,31925.82,0.20,0.20,0.06,0.01
Toowoomba-F-70978,QLD,Toowoomba,N_QLD,1872,402070,214.78,1327,338,168,37,2,402069.72,108785.08,16256.63,0.13,0.13,0.04,0.01
Toowoomba-F-74526,QLD,Toowoomba,N_QLD,2100,486265,231.56,1308,519,231,42,0,486264.88,119221.88,16121.16,0.16,0.16,0.04,0.01
Toowoomba-F-79192,QLD,Toowoomba,N_QLD,1961,433871,221.25,1290,442,194,34,1,433870.88,98069.06,17581.50,0.14,0.14,0.03,0.01
Toowoomba-F-79503,QLD,Toowoomba,N_QLD,2071,520052,251.11,1282,461,260,63,5,520051.59,169590.78,51577.65,0.17,0.17,0.06,0.02
Toowoomba-F-86343,QLD,Toowoomba,N_QLD,2609,668929,256.39,1526,656,338,84,5,668829.35,216311.17,52171.36,0.22,0.22,0.07,0.02
Toowoomba-F-87937,QLD,Toowoomba,N_QLD,1704,341895,200.64,1227,332,125,19,1,341894.79,69911.07,13413.77,0.11,0.11,0.02,0.00
Toowoomba-F-92545,QLD,Toowoomba,N_QLD,2075,501782,241.82,1301,473,243,54,4,501781.92,152329.16,41823.17,0.16,0.16,0.05,0.01
Toowoomba-M-72310,QLD,Toowoomba,N_QLD,2303,577741,250.87,1364,593,266,77,3,577740.96,180421.87,44284.53,0.19,0.19,0.06,0.01
WDowns_F_70719,QLD,WesternDowns,N_QLD,3285,832613,253.46,1812,978,413,82,0,832612.76,228934.61,38718.74,0.27,0.27,0.07,0.01
WDowns_F_82321,QLD,WesternDowns,N_QLD,3399,978974,288.02,1741,961,549,137,11,978974.25,361441.61,106425.49,0.32,0.32,0.12,0.03
WDowns_M_75384,QLD,WesternDowns,N_QLD,3179,871579,274.17,1634,962,460,121,2,871578.73,280684.17,64973.39,0.28,0.28,0.09,0.02
WDowns-F-55372,QLD,WesternDowns,N_QLD,2229,530807,238.14,1354,563,264,45,3,530807.36,140163.56,25568.94,0.17,0.17,0.05,0.01
WDowns-F-70143,QLD,WesternDowns,N_QLD,1964,378386,192.66,1377,459,123,5,0,378385.82,41736.70,1028.91,0.12,0.12,0.01,0.00
WDowns-M-70754,QLD,WesternDowns,N_QLD,2451,631370,257.60,1414,620,333,80,4,631370.03,195810.72,53090.69,0.21,0.21,0.06,0.02
BMnt-F-7041195,NSW,BlueMountains,S_NSW,3416,881376,258.01,2027,842,414,128,5,881375.95,293106.99,74092.38,0.29,0.29,0.10,0.02
BMnt-F-7041197,NSW,BlueMountains,S_NSW,4244,1210000,285.56,2226,1162,654,193,9,1211930.02,465811.97,133507.00,0.39,0.39,0.15,0.04
BMnt-M-7041193,NSW,BlueMountains,S_NSW,3773,1010000,267.89,2172,938,500,156,7,1010737.35,352878.44,99673.28,0.33,0.33,0.11,0.03
BMnt-M-7041194,NSW,BlueMountains,S_NSW,2896,625792,216.09,1998,595,238,65,0,625792.31,153432.84,36600.55,0.20,0.20,0.05,0.01
BMnt-M-7041198,NSW,BlueMountains,S_NSW,3632,975756,268.66,2077,889,513,145,8,975755.55,341957.64,96809.37,0.32,0.32,0.11,0.03
BMnt-M-7041200,NSW,BlueMountains,S_NSW,4322,1250000,289.61,2232,1198,667,216,9,1251671.04,477447.83,116519.66,0.41,0.41,0.16,0.04
CBTown_F_C12K2,NSW,SouthWestSydney,S_NSW,4401,1250000,285.11,2226,1273,711,183,8,1254778.67,449351.51,108950.83,0.41,0.41,0.15,0.04
CBTown_F_C12K4,NSW,SouthWestSydney,S_NSW,3913,1040000,266.23,2200,1012,555,142,4,1041751.54,356572.21,78382.68,0.34,0.34,0.12,0.03
CBTown_F_C2K4,NSW,SouthWestSydney,S_NSW,3758,1000000,266.28,2097,982,550,125,4,1000690.47,337219.28,76612.56,0.33,0.33,0.11,0.02
CBTown_F_C3K2,NSW,SouthWestSydney,S_NSW,4375,1240000,284.09,2235,1260,688,182,10,1242888.96,439706.05,117764.39,0.40,0.40,0.14,0.04
CBTown_F_C5K7,NSW,SouthWestSydney,S_NSW,4333,1250000,288.70,2178,1300,648,194,13,1250915.10,468222.61,135494.80,0.41,0.41,0.15,0.04
CBTown_F_C6K5,NSW,SouthWestSydney,S_NSW,3453,924119,267.63,1955,891,460,139,8,924119.48,323944.52,93323.51,0.30,0.30,0.11,0.03
CBTown_F_C7K2,NSW,SouthWestSydney,S_NSW,4202,1150000,272.50,2274,1143,640,139,6,1145060.26,391106.63,101180.24,0.37,0.37,0.13,0.03
CBTown_M_C10K1,NSW,SouthWestSydney,S_NSW,3915,1080000,275.09,2128,1036,580,162,9,1076956.39,377838.05,94841.50,0.35,0.35,0.12,0.03
CBTown_M_C10K4,NSW,SouthWestSydney,S_NSW,3587,891048,248.41,2118,918,456,91,4,891048.34,260527.23,48087.00,0.29,0.29,0.08,0.02
CBTown_M_C11K1,NSW,SouthWestSydney,S_NSW,4171,1150000,275.12,2179,1198,644,143,7,1147529.64,385821.19,86215.16,0.37,0.37,0.13,0.03
CBTown_M_C12K3,NSW,SouthWestSydney,S_NSW,3691,993869,269.27,2040,985,518,141,7,993869.27,343936.83,88820.32,0.32,0.32,0.11,0.03
CBTown_M_C2K2,NSW,SouthWestSydney,S_NSW,3739,989168,264.55,2148,943,505,130,13,989168.41,341466.44,86408.82,0.32,0.32,0.11,0.03
CBTown_M_C3K1,NSW,SouthWestSydney,S_NSW,4242,1160000,273.90,2272,1183,616,164,7,1161902.77,394389.79,105126.47,0.38,0.38,0.13,0.03
CBTown_M_C3K3,NSW,SouthWestSydney,S_NSW,3908,1050000,269.57,2193,1021,532,152,10,1053485.75,366474.71,99931.58,0.34,0.34,0.12,0.03
CBTown_M_C5K8,NSW,SouthWestSydney,S_NSW,4006,1120000,278.60,2142,1116,568,169,11,1116083.41,410560.91,99025.42,0.36,0.36,0.13,0.03
CBTown_M_C6K1,NSW,SouthWestSydney,S_NSW,3586,875225,244.07,2161,918,423,79,5,875224.74,246046.30,57630.33,0.28,0.28,0.08,0.02
CBTown-F-C11K2,NSW,SouthWestSydney,S_NSW,4288,1230000,286.96,2229,1199,669,179,12,1230463.13,464102.80,122820.15,0.40,0.40,0.15,0.04
CBTown-M-C6K2,NSW,SouthWestSydney,S_NSW,3879,1080000,278.23,2117,1015,574,164,9,1079237.26,395176.08,112616.19,0.35,0.35,0.13,0.04
F_Alex_Monaro,NSW,SouthernTablelands,S_NSW,4157,960524,231.06,2730,919,397,105,6,960523.91,259045.97,67084.17,0.31,0.31,0.08,0.02
F_Annie_L_STHD,NSW,SouthernHighlands,S_NSW,3700,895586,242.05,2229,939,451,79,2,895586.19,255511.98,45264.88,0.29,0.29,0.08,0.01
F_Annie_Monaro,NSW,SouthernTablelands,S_NSW,3552,724862,204.07,2534,716,246,55,1,724861.86,140319.83,31608.69,0.24,0.24,0.05,0.01
F_Beyonce_STHD,NSW,SouthernHighlands,S_NSW,3506,805766,229.83,2261,799,377,67,2,805765.72,210055.72,37928.80,0.26,0.26,0.07,0.01
F_Bron_Monaro,NSW,SouthernTablelands,S_NSW,3313,616472,186.08,2538,589,150,33,3,616471.57,83009.14,22976.27,0.20,0.20,0.03,0.01
F_CS_Monaro,NSW,SouthernTablelands,S_NSW,3543,763220,215.42,2429,757,294,62,1,763219.90,159770.83,42619.65,0.25,0.25,0.05,0.01
F_Hapi_STHD,NSW,SouthernHighlands,S_NSW,3461,862348,249.16,2154,793,398,112,4,862347.59,276186.66,75559.59,0.28,0.28,0.09,0.02
F_Liv_NJ_STHD,NSW,SouthernHighlands,S_NSW,3543,889887,251.17,2052,956,438,94,3,889886.55,261563.27,53072.52,0.29,0.29,0.09,0.02
F_Madona_Monaro,NSW,SouthernTablelands,S_NSW,3400,701478,206.32,2446,657,234,59,4,701478.06,156924.43,41163.94,0.23,0.23,0.05,0.01
F_Mia_Monaro,NSW,SouthernTablelands,S_NSW,3788,868652,229.32,2512,829,345,96,6,868651.63,241648.43,53561.26,0.28,0.28,0.08,0.02
F_Sage_Monaro,NSW,SouthernTablelands,S_NSW,3508,680609,194.02,2580,694,188,45,1,680609.21,112439.78,22059.83,0.22,0.22,0.04,0.01
F_StevieN_STHD,NSW,SouthernHighlands,S_NSW,3986,938062,235.34,2473,1019,399,91,4,938061.99,242153.14,63526.81,0.31,0.31,0.08,0.02
F_Tahlia_Monaro,NSW,SouthernTablelands,S_NSW,3594,737911,205.32,2563,721,250,57,3,737911.02,146677.24,37402.85,0.24,0.24,0.05,0.01
F-Arya-STHD,NSW,SouthernHighlands,S_NSW,4436,1110000,250.17,2490,1267,582,94,3,1109756.57,302003.71,53304.08,0.36,0.36,0.10,0.02
F-Brandy-Monaro,NSW,SouthernTablelands,S_NSW,3792,707258,186.51,2795,795,189,13,0,707257.76,69731.28,5453.84,0.23,0.23,0.02,0.00
F-Brienne-STHD,NSW,SouthernHighlands,S_NSW,3818,1010000,265.47,2154,1002,513,141,8,1013545.75,346920.37,94482.40,0.33,0.33,0.11,0.03
F-Bunzi-STHD,NSW,SouthernHighlands,S_NSW,3554,868346,244.33,2181,861,408,100,4,868345.99,259186.73,65412.81,0.28,0.28,0.08,0.02
F-Daenery-STHD,NSW,SouthernHighlands,S_NSW,3954,975999,246.84,2276,1086,497,91,4,975999.33,248291.19,40464.94,0.32,0.32,0.08,0.01
F-Falia-F-STHD,NSW,SouthernHighlands,S_NSW,3415,814706,238.57,2150,795,369,99,2,814706.11,235256.65,68184.61,0.27,0.27,0.08,0.02
F-Yara-STHD,NSW,SouthernHighlands,S_NSW,4394,1180000,267.70,2359,1258,639,127,10,1176255.44,364193.75,91463.66,0.38,0.38,0.12,0.03
K2,NSW,SouthWestSydney,S_NSW,4324,1230000,284.94,2188,1246,722,156,12,1232089.73,432281.49,97069.95,0.40,0.40,0.14,0.03
M_Bear_Monaro,NSW,SouthernTablelands,S_NSW,3454,711464,205.98,2473,676,246,57,2,711464.05,145897.62,36300.51,0.23,0.23,0.05,0.01
M_Clegane_STHD,NSW,SouthernHighlands,S_NSW,4251,1050000,247.36,2432,1191,538,88,2,1051530.32,268006.51,48952.61,0.34,0.34,0.09,0.02
M_Drew_Monaro,NSW,SouthernTablelands,S_NSW,3376,675133,199.98,2512,596,210,55,3,675133.17,142472.83,30622.00,0.22,0.22,0.05,0.01
M_Evan_Monaro,NSW,SouthernTablelands,S_NSW,3595,767226,213.42,2478,768,268,80,1,767225.79,163978.84,37236.60,0.25,0.25,0.05,0.01
M_Hamish_Monaro,NSW,SouthernTablelands,S_NSW,3503,693455,197.96,2572,673,212,44,2,693455.24,121427.83,26308.84,0.23,0.23,0.04,0.01
M_Jett_Monaro,NSW,SouthernTablelands,S_NSW,3573,693990,194.23,2631,703,194,44,1,693989.58,109179.12,20961.88,0.23,0.23,0.04,0.01
M_Kenny_Monaro,NSW,SouthernTablelands,S_NSW,3482,729571,209.53,2465,696,247,71,3,729570.55,163548.69,38926.45,0.24,0.24,0.05,0.01
M_Malu_Monaro,NSW,SouthernTablelands,S_NSW,3538,726065,205.22,2512,733,229,61,3,726064.81,146721.41,37575.13,0.24,0.24,0.05,0.01
M_Tallow_Monaro,NSW,SouthernTablelands,S_NSW,3731,808040,216.58,2532,820,312,62,5,808039.85,175369.92,43805.37,0.26,0.26,0.06,0.01
M50543_001,NSW,WollemiNP,S_NSW,2986,700567,234.62,1902,705,306,69,4,700567.38,196167.82,44049.10,0.23,0.23,0.06,0.01
M-Chaac-STHD,NSW,SouthernHighlands,S_NSW,3429,838261,244.46,2102,840,392,90,5,838260.56,240293.68,55173.24,0.27,0.27,0.08,0.02
M-Gendry-STHD,NSW,SouthernHighlands,S_NSW,3580,830049,231.86,2263,875,368,72,2,829949.25,206213.53,38394.79,0.27,0.27,0.07,0.01
M-Jimmy-B-STHD,NSW,SouthernHighlands,S_NSW,3750,926662,247.11,2242,969,431,102,6,926662.45,274127.44,66438.65,0.30,0.30,0.09,0.02
M-Murray-Monaro,NSW,SouthernTablelands,S_NSW,3486,602972,172.97,2715,649,118,4,0,602871.91,33249.99,2219.76,0.20,0.20,0.01,0.00
M-Qyburn-STHD,NSW,SouthernHighlands,S_NSW,4107,1200000,292.11,2117,1121,661,193,15,1199693.18,471503.91,143336.38,0.39,0.39,0.15,0.05
M-Rhaegar-STHD,NSW,SouthernHighlands,S_NSW,4549,1290000,284.20,2305,1315,742,176,11,1292817.08,457194.99,112868.51,0.42,0.42,0.15,0.04
M-St-james-STHD,NSW,SouthernHighlands,S_NSW,3600,889219,247.01,2130,955,418,91,6,889218.93,259508.05,59169.09,0.29,0.29,0.08,0.02
M-Varys-STHD,NSW,SouthernHighlands,S_NSW,3457,795289,230.05,2174,847,372,62,2,795288.50,188553.17,35254.32,0.26,0.26,0.06,0.01
M-Walter-STHD,NSW,SouthernHighlands,S_NSW,3451,770806,223.36,2268,797,323,60,3,770806.03,182010.37,32735.55,0.25,0.25,0.06,0.01
M-Xavier-Monaro,NSW,SouthernTablelands,S_NSW,3911,736984,188.44,2827,875,195,14,0,736984.10,66461.64,4420.81,0.24,0.24,0.02,0.00
SWSyd_F_M48896,NSW,SouthWestSydney,S_NSW,3770,1010000,268.84,2079,1022,531,129,9,1013542.80,344498.82,74926.34,0.33,0.33,0.11,0.02
SWSyd-M-Biya,NSW,SouthWestSydney,S_NSW,4371,1330000,304.80,2155,1226,719,257,14,1332273.90,556359.42,163964.30,0.43,0.43,0.18,0.05
SWSyd-M-Dalang,NSW,SouthWestSydney,S_NSW,4185,1250000,297.98,2145,1133,666,225,16,1247048.59,499586.81,164022.03,0.41,0.41,0.16,0.05
SWSyd-M-Giloa,NSW,SouthWestSydney,S_NSW,434,62749,144.58,388,45,1,0,0,62748.65,0.00,0.00,0.02,0.02,0.00,0.00
SWSyd-M-Kimber,NSW,SouthWestSydney,S_NSW,3842,1090000,283.41,2020,1044,592,184,2,1088864.00,402917.67,103029.46,0.35,0.35,0.13,0.03
SWSyd-M-Mirribi,NSW,SouthWestSydney,S_NSW,4277,1270000,295.79,2099,1253,717,197,11,1265083.71,487574.06,135844.80,0.41,0.41,0.16,0.04
SWSyd-M-Yung,NSW,SouthWestSydney,S_NSW,848,127126,149.91,726,117,5,0,0,127125.97,0.00,0.00,0.04,0.04,0.00,0.00
Broad-F-50414,NSW,Broadwater,SEQLD_FNNSW,3575,1050000,293.04,1802,1072,557,178,11,1047625.70,399690.03,122315.57,0.34,0.34,0.13,0.04
Broad-M-50382,NSW,Broadwater,SEQLD_FNNSW,2422,658508,271.89,1352,641,317,102,10,658508.43,235928.86,74337.31,0.21,0.21,0.08,0.02
Broad-M-50439,NSW,Broadwater,SEQLD_FNNSW,2041,467764,229.18,1325,475,194,43,4,467764.17,119177.13,37191.12,0.15,0.15,0.04,0.01
Broad-M-50508,NSW,Broadwater,SEQLD_FNNSW,3567,1100000,307.80,1682,1073,598,194,20,1097922.70,458125.68,147140.99,0.36,0.36,0.15,0.05
Broadwater-F-M50514,NSW,Broadwater,SEQLD_FNNSW,1762,365576,207.48,1248,348,139,22,5,365575.63,76468.08,20667.29,0.12,0.12,0.02,0.01
Broadwater-M-M50338,NSW,Broadwater,SEQLD_FNNSW,2600,678250,260.87,1462,696,351,89,2,678250.39,210723.38,45972.97,0.22,0.22,0.07,0.01
Byron_F_M50503,NSW,ByronBay,SEQLD_FNNSW,2937,731393,249.03,1664,830,381,60,2,731392.62,200632.64,33768.90,0.24,0.24,0.07,0.01
Byron_M_M50452,NSW,ByronBay,SEQLD_FNNSW,2244,508877,226.77,1438,553,209,40,4,508877.10,124447.13,31278.35,0.17,0.17,0.04,0.01
Byron_U_M50504,NSW,ByronBay,SEQLD_FNNSW,2645,632174,239.01,1594,673,322,55,1,632173.94,165172.86,31529.88,0.21,0.21,0.05,0.01
Byron-F-50524,NSW,ByronBay,SEQLD_FNNSW,2061,442902,214.90,1372,471,190,28,0,442902.49,87428.09,12778.67,0.14,0.14,0.03,0.00
Byron-F-M50431,NSW,ByronBay,SEQLD_FNNSW,2134,472767,221.54,1427,463,205,38,1,472767.01,112773.08,22721.26,0.15,0.15,0.04,0.01
Byron-M-M50430,NSW,ByronBay,SEQLD_FNNSW,2425,616506,254.23,1452,601,285,81,6,616506.38,198924.78,64309.31,0.20,0.20,0.06,0.02
Byron-M-M50435,NSW,ByronBay,SEQLD_FNNSW,3410,1020000,298.32,1674,993,563,168,12,1017280.00,394012.50,130069.48,0.33,0.33,0.13,0.04
Coffs-F-44980,NSW,CoffsHarbour,SEQLD_FNNSW,2063,412130,199.77,1514,374,147,26,2,412129.51,81555.80,21124.19,0.13,0.13,0.03,0.01
GCoast-F-54909,QLD,GoldCoast,SEQLD_FNNSW,2028,422873,208.52,1421,404,181,20,2,422872.81,91198.47,13692.43,0.14,0.14,0.03,0.00
GCoast-F-73511,QLD,GoldCoast,SEQLD_FNNSW,3596,1010000,279.70,1840,1058,547,140,11,1005782.25,350816.22,82369.37,0.33,0.33,0.11,0.03
GCoast-M-54910,QLD,GoldCoast,SEQLD_FNNSW,2228,495665,222.47,1438,539,218,32,1,495665.40,109603.60,26197.81,0.16,0.16,0.04,0.01
GCoast-M-54980,QLD,GoldCoast,SEQLD_FNNSW,1912,407842,213.31,1302,421,160,29,0,407841.76,88799.12,18452.94,0.13,0.13,0.03,0.01
GCoast-M-56090,QLD,GoldCoast,SEQLD_FNNSW,2566,593046,231.12,1565,679,281,38,2,593045.89,137403.60,24609.49,0.19,0.19,0.04,0.01
GCoast-M-61808,QLD,GoldCoast,SEQLD_FNNSW,919,134624,146.49,803,108,8,0,0,134623.67,1586.34,0.00,0.04,0.04,0.00,0.00
GCoast-M-62309,QLD,GoldCoast,SEQLD_FNNSW,2305,538781,233.74,1449,546,255,53,2,538780.61,140673.38,29529.87,0.18,0.18,0.05,0.01
GCoast-M-66922,QLD,GoldCoast,SEQLD_FNNSW,2310,508057,219.94,1466,604,200,40,0,508056.78,106450.95,17063.50,0.17,0.17,0.03,0.01
GCoast-M-70414,QLD,GoldCoast,SEQLD_FNNSW,2354,547882,232.75,1447,610,243,51,3,547881.75,138312.48,30696.94,0.18,0.18,0.05,0.01
GCoast-M-71441,QLD,GoldCoast,SEQLD_FNNSW,2597,554396,213.48,1620,739,220,18,0,554395.93,77624.63,4546.00,0.18,0.18,0.03,0.00
GCoast-M-78719,QLD,GoldCoast,SEQLD_FNNSW,1980,422015,213.14,1318,466,171,25,0,422015.38,80300.75,9185.61,0.14,0.14,0.03,0.00
GCoast-M-84814,QLD,GoldCoast,SEQLD_FNNSW,2430,633761,260.81,1387,654,298,83,8,633760.64,206148.72,53308.71,0.21,0.21,0.07,0.02
Graft_M_M50499,NSW,SouthernClarence,SEQLD_FNNSW,1907,406930,213.39,1317,414,134,40,2,406930.05,92819.93,19648.47,0.13,0.13,0.03,0.01
Gundagai-M-M49249,NSW,Gundagai,SEQLD_FNNSW,3540,1100000,310.90,1654,1059,626,183,18,1100567.20,458895.53,152431.61,0.36,0.36,0.15,0.05
Kyogle_F_M50519,NSW,WestKyogle,SEQLD_FNNSW,1563,279836,179.04,1196,280,81,6,0,279836.20,28829.16,2320.52,0.09,0.09,0.01,0.00
Kyogle_M_M50481,NSW,WestKyogle,SEQLD_FNNSW,3031,785363,259.11,1682,864,399,77,9,785363.47,232633.88,58681.86,0.26,0.26,0.08,0.02
Kyogle-F-50350,NSW,WestKyogle,SEQLD_FNNSW,1687,348256,206.44,1204,329,123,29,2,348255.60,79068.68,19982.51,0.11,0.11,0.03,0.01
Kyogle-F-50356,NSW,WestKyogle,SEQLD_FNNSW,1916,441978,230.68,1264,406,193,50,3,441977.88,126889.92,31198.28,0.14,0.14,0.04,0.01
Kyogle-F-50418,NSW,WestKyogle,SEQLD_FNNSW,1848,396262,214.43,1279,378,159,32,0,396261.96,93721.73,15531.21,0.13,0.13,0.03,0.01
Kyogle-F-50433,NSW,WestKyogle,SEQLD_FNNSW,1650,335056,203.06,1190,315,120,23,2,335056.15,70107.83,19440.04,0.11,0.11,0.02,0.01
Kyogle-F-50434,NSW,WestKyogle,SEQLD_FNNSW,2304,545906,236.94,1438,553,259,51,3,545806.49,144922.35,34584.46,0.18,0.18,0.05,0.01
Kyogle-F-50438,NSW,WestKyogle,SEQLD_FNNSW,1745,373759,214.19,1230,335,144,36,0,373759.10,90883.97,22266.90,0.12,0.12,0.03,0.01
Kyogle-F-M50471,NSW,WestKyogle,SEQLD_FNNSW,1906,413662,217.03,1280,423,170,31,2,413661.59,90955.07,21225.61,0.13,0.13,0.03,0.01
Kyogle-M-50316,NSW,WestKyogle,SEQLD_FNNSW,1633,313416,191.93,1230,292,83,27,1,313415.88,55575.60,18945.74,0.10,0.10,0.02,0.01
Kyogle-M-50360,NSW,WestKyogle,SEQLD_FNNSW,2181,533395,244.56,1331,543,245,54,8,533394.77,152315.65,45359.46,0.17,0.17,0.05,0.01
Kyogle-M-50384,NSW,WestKyogle,SEQLD_FNNSW,2281,562742,246.71,1415,537,247,77,5,562741.63,181632.87,46170.95,0.18,0.18,0.06,0.02
Kyogle-M-50420,NSW,WestKyogle,SEQLD_FNNSW,3708,1150000,309.59,1768,1086,624,215,15,1147957.25,476894.85,162925.63,0.37,0.37,0.16,0.05
Kyogle-M-50927,NSW,WestKyogle,SEQLD_FNNSW,2256,552789,245.03,1391,542,244,76,3,552788.80,164654.52,47638.75,0.18,0.18,0.05,0.02
Kyogle-M-M50448,NSW,WestKyogle,SEQLD_FNNSW,1608,311657,193.82,1189,290,113,15,1,311657.07,52756.76,8020.26,0.10,0.10,0.02,0.00
Kyogle-U-M49289,NSW,WestKyogle,SEQLD_FNNSW,1869,399554,213.78,1288,394,158,29,0,399554.02,95387.98,18391.59,0.13,0.13,0.03,0.01
Kyogle-U-M50488,NSW,WestKyogle,SEQLD_FNNSW,1667,330736,198.40,1185,343,119,20,0,330735.79,54895.82,10448.16,0.11,0.11,0.02,0.00
Lismo-F-2110271,NSW,NorthernRivers,SEQLD_FNNSW,2582,672324,260.39,1510,649,326,90,7,672323.95,233042.53,62785.72,0.22,0.22,0.08,0.02
Lismo-F-2111152,NSW,NorthernRivers,SEQLD_FNNSW,3125,886368,283.64,1608,903,469,139,6,886367.68,329074.00,79472.94,0.29,0.29,0.11,0.03
Lismo-F-2111222,NSW,NorthernRivers,SEQLD_FNNSW,1860,402464,216.38,1293,381,150,32,4,402464.33,94846.97,27207.93,0.13,0.13,0.03,0.01
Lismo-F-2111232,NSW,NorthernRivers,SEQLD_FNNSW,4039,1200000,296.93,1933,1218,690,190,8,1199308.80,465423.53,122418.50,0.39,0.39,0.15,0.04
Lismo-F-2112201,NSW,NorthernRivers,SEQLD_FNNSW,3040,845661,278.18,1603,845,472,112,8,845660.50,300904.28,70819.35,0.28,0.28,0.10,0.02
Lismo-F-2112212,NSW,NorthernRivers,SEQLD_FNNSW,2206,497854,225.68,1419,529,230,26,2,497853.64,112986.99,18615.19,0.16,0.16,0.04,0.01
Lismo-F-2112273,NSW,NorthernRivers,SEQLD_FNNSW,3657,1110000,303.45,1741,1092,633,182,9,1109701.45,451715.62,127397.55,0.36,0.36,0.15,0.04
Lismo-M-2111192,NSW,NorthernRivers,SEQLD_FNNSW,3228,870823,269.77,1692,948,477,108,3,870823.47,276472.68,52945.52,0.28,0.28,0.09,0.02
Lismo-M-2111271,NSW,NorthernRivers,SEQLD_FNNSW,2421,531315,219.46,1571,592,217,40,1,531315.30,107988.54,20937.08,0.17,0.17,0.04,0.01
Lismo-M-2112021,NSW,NorthernRivers,SEQLD_FNNSW,2126,517141,243.25,1339,491,224,66,6,517140.66,152979.74,46879.75,0.17,0.17,0.05,0.02
Lismore-F-M50298,NSW,NorthernRivers,SEQLD_FNNSW,2496,595801,238.70,1511,645,287,52,1,595801.38,158041.10,26656.51,0.19,0.19,0.05,0.01
Lismore-F-M50309,NSW,NorthernRivers,SEQLD_FNNSW,2329,529970,227.55,1456,617,204,48,4,529969.57,121452.65,30485.99,0.17,0.17,0.04,0.01
Lismore-F-M50310,NSW,NorthernRivers,SEQLD_FNNSW,2151,458085,212.96,1442,495,180,34,0,457985.05,93686.54,20101.32,0.15,0.15,0.03,0.01
Lismore-F-M50336,NSW,NorthernRivers,SEQLD_FNNSW,3083,836731,271.40,1679,835,450,111,8,836731.13,284631.02,71453.97,0.27,0.27,0.09,0.02
Lismore-F-M50340,NSW,NorthernRivers,SEQLD_FNNSW,2483,568789,229.07,1587,597,246,49,4,568789.28,138126.15,36246.11,0.19,0.19,0.04,0.01
Lismore-F-M50369,NSW,NorthernRivers,SEQLD_FNNSW,2139,508385,237.67,1372,490,213,59,5,508385.38,146913.42,37907.75,0.17,0.17,0.05,0.01
Lismore-F-M50510,NSW,NorthernRivers,SEQLD_FNNSW,3056,804453,263.24,1660,873,434,85,4,804452.61,253654.69,55738.36,0.26,0.26,0.08,0.02
Lismore-F-M50535,NSW,NorthernRivers,SEQLD_FNNSW,3768,1060000,281.79,1891,1142,582,147,6,1061768.47,370581.92,91566.25,0.35,0.35,0.12,0.03
Lismore-M-M50352,NSW,NorthernRivers,SEQLD_FNNSW,3094,835656,270.09,1659,872,459,96,8,835656.21,277765.82,65768.36,0.27,0.27,0.09,0.02
Lismore-M-M50397,NSW,NorthernRivers,SEQLD_FNNSW,3223,919028,285.15,1674,902,501,133,13,919028.37,341352.22,104493.39,0.30,0.30,0.11,0.03
Lismore-U-M50295,NSW,NorthernRivers,SEQLD_FNNSW,2728,693203,254.11,1569,743,327,85,4,693202.81,210192.79,49232.96,0.23,0.23,0.07,0.02
M47687_001,NSW,Inverell,SEQLD_FNNSW,2935,754228,256.98,1606,833,434,59,3,754228.48,220842.54,35381.00,0.25,0.25,0.07,0.01
M49026_001,NSW,Broadwater,SEQLD_FNNSW,2415,562974,233.12,1549,547,266,52,1,562974.18,152457.85,25836.33,0.18,0.18,0.05,0.01
M50294_001,NSW,SouthernClarence,SEQLD_FNNSW,2412,542227,224.80,1520,615,237,37,3,542226.78,114393.60,23293.17,0.18,0.18,0.04,0.01
M50306_001,NSW,ByronBay,SEQLD_FNNSW,2436,528737,217.05,1594,586,227,28,1,528737.28,100284.13,14448.04,0.17,0.17,0.03,0.00
M50344_001,NSW,SouthernClarence,SEQLD_FNNSW,1862,363468,195.20,1332,390,124,15,1,363467.99,57391.53,1840.50,0.12,0.12,0.02,0.00
M50355_001,NSW,WestKyogle,SEQLD_FNNSW,2112,496667,235.16,1329,502,232,48,1,496666.88,131342.28,27726.60,0.16,0.16,0.04,0.01
M50359_001,NSW,SouthernClarence,SEQLD_FNNSW,1781,348438,195.64,1290,346,125,20,0,348438.20,56291.99,7071.09,0.11,0.11,0.02,0.00
M50370_001,NSW,ByronBay,SEQLD_FNNSW,3229,797016,246.83,1876,883,389,81,0,797015.71,213782.55,38801.59,0.26,0.26,0.07,0.01
M50373_001,NSW,ByronBay,SEQLD_FNNSW,2220,474730,213.84,1480,520,185,35,0,474730.17,95499.10,11723.11,0.15,0.15,0.03,0.00
M50374_001,NSW,WestKyogle,SEQLD_FNNSW,2630,587136,223.25,1640,698,264,28,0,587136.25,122454.24,12900.83,0.19,0.19,0.04,0.00
M50383_001,NSW,Broadwater,SEQLD_FNNSW,2632,459274,174.50,1986,563,80,3,0,459273.98,21540.45,1013.15,0.15,0.15,0.01,0.00
M50392_001,NSW,ByronBay,SEQLD_FNNSW,3114,550116,176.66,2335,664,110,4,0,550116.20,31539.03,0.00,0.18,0.18,0.01,0.00
M50393_001,NSW,ByronBay,SEQLD_FNNSW,3831,997515,260.38,2053,1146,536,94,2,997515.22,289481.48,48467.61,0.32,0.32,0.09,0.02
M50395_001,NSW,Broadwater,SEQLD_FNNSW,2889,740250,256.23,1649,777,371,88,4,740249.83,229089.03,50688.51,0.24,0.24,0.07,0.02
Narrandra-F-N1,NSW,Narrandera,SEQLD_FNNSW,2788,813681,291.85,1461,732,444,142,9,813681.50,329749.54,94127.13,0.26,0.26,0.11,0.03
Narrandra-F-N12,NSW,Narrandera,SEQLD_FNNSW,3532,944892,267.52,1739,1173,541,78,1,944892.31,255607.92,35001.29,0.31,0.31,0.08,0.01
Narrandra-F-N13,NSW,Narrandera,SEQLD_FNNSW,2749,727513,264.65,1556,712,380,94,7,727512.64,248546.93,67248.93,0.24,0.24,0.08,0.02
Narrandra-F-N14,NSW,Narrandera,SEQLD_FNNSW,2373,559738,235.88,1440,641,235,55,2,559737.81,138463.75,36282.06,0.18,0.18,0.05,0.01
Narrandra-F-N17,NSW,Narrandera,SEQLD_FNNSW,2758,773445,280.44,1464,759,408,123,4,773445.32,284492.43,79095.00,0.25,0.25,0.09,0.03
Narrandra-F-N2,NSW,Narrandera,SEQLD_FNNSW,2274,607652,267.22,1315,556,298,101,4,607651.75,224131.54,59551.84,0.20,0.20,0.07,0.02
Narrandra-M-N11,NSW,Narrandera,SEQLD_FNNSW,2976,745380,250.46,1712,810,380,72,2,745379.80,214248.44,40418.93,0.24,0.24,0.07,0.01
Narrandra-M-N16,NSW,Narrandera,SEQLD_FNNSW,2925,816091,279.01,1613,734,441,131,6,816090.76,312780.76,76131.02,0.27,0.27,0.10,0.02
Narrandra-M-N3,NSW,Narrandera,SEQLD_FNNSW,2435,694095,285.05,1323,623,361,120,8,694094.92,277450.09,83285.55,0.23,0.23,0.09,0.03
Narrandra-M-N6,NSW,Narrandera,SEQLD_FNNSW,3796,907174,238.98,2215,1098,412,68,3,907174.30,210240.50,39094.23,0.30,0.30,0.07,0.01
Narrandra-M-N7,NSW,Narrandera,SEQLD_FNNSW,2538,646398,254.69,1483,646,321,84,4,646398.24,208523.85,38688.66,0.21,0.21,0.07,0.01
Narrandra-M-N8,NSW,Narrandera,SEQLD_FNNSW,2746,705255,256.83,1569,729,359,85,4,705255.29,212677.63,50675.41,0.23,0.23,0.07,0.02
Narrandra-M-N9,NSW,Narrandera,SEQLD_FNNSW,2314,625964,270.51,1281,607,335,85,6,625964.42,216370.52,64390.56,0.20,0.20,0.07,0.02
NRiv-F-M50347,NSW,Broadwater,SEQLD_FNNSW,3043,830483,272.92,1620,861,434,128,0,830483.45,286309.94,69569.46,0.27,0.27,0.09,0.02
NRiv-F-M50350,NSW,WestKyogle,SEQLD_FNNSW,658,99783,151.65,556,97,5,0,0,99782.48,1038.67,0.00,0.03,0.03,0.00,0.00
NRiv-F-M50379,NSW,NorthernRivers,SEQLD_FNNSW,1937,406206,209.71,1325,425,161,25,1,406206.09,80109.55,9735.61,0.13,0.13,0.03,0.00
NRiv-F-M50411,NSW,NorthernRivers,SEQLD_FNNSW,2783,713224,256.28,1564,791,343,80,5,713224.45,211652.74,55527.29,0.23,0.23,0.07,0.02
NRiv-F-M50451,NSW,NorthernRivers,SEQLD_FNNSW,2003,400436,199.92,1421,419,143,19,1,400436.16,64506.66,8149.04,0.13,0.13,0.02,0.00
NRiv-F-M50467,NSW,NorthernRivers,SEQLD_FNNSW,2987,804446,269.32,1629,838,407,106,7,804446.16,275874.17,69310.96,0.26,0.26,0.09,0.02
NRiv-F-M50517,NSW,NorthernRivers,SEQLD_FNNSW,3873,1170000,302.06,1847,1179,636,192,19,1169883.88,460452.88,137729.94,0.38,0.38,0.15,0.04
NRiv-F-M50531,NSW,ByronBay,SEQLD_FNNSW,2234,493501,220.91,1451,543,199,41,0,493501.44,108757.90,19400.56,0.16,0.16,0.04,0.01
NRiv-M-M50329,NSW,Broadwater,SEQLD_FNNSW,3068,854956,278.67,1649,817,478,116,8,854955.94,315299.20,86258.38,0.28,0.28,0.10,0.03
NRiv-M-M50450,NSW,Broadwater,SEQLD_FNNSW,2563,730488,285.01,1413,625,387,131,7,730488.11,292819.27,95935.70,0.24,0.24,0.10,0.03
NRiv-M-M50511,NSW,NorthernRivers,SEQLD_FNNSW,3874,1160000,299.18,1865,1168,635,194,12,1159033.86,447376.44,118230.54,0.38,0.38,0.15,0.04
NthBurn-F-80750,QLD,NorthBurnett,SEQLD_FNNSW,2301,542870,235.93,1484,522,222,69,4,542869.89,151737.18,37789.52,0.18,0.18,0.05,0.01
Redland-M-63768,QLD,Redland,SEQLD_FNNSW,4022,678113,168.60,3092,853,76,1,0,678112.68,11352.36,0.00,0.22,0.22,0.00,0.00
Redland-M-71818,QLD,Redland,SEQLD_FNNSW,3701,1080000,292.28,1806,1106,619,162,8,1081628.99,404148.82,90673.97,0.35,0.35,0.13,0.03
Redland-M-83962,QLD,Redland,SEQLD_FNNSW,4249,1400000,329.25,1839,1292,831,265,22,1398866.83,627884.37,188734.08,0.46,0.46,0.20,0.06
SClarence-F-M50437,NSW,SouthernClarence,SEQLD_FNNSW,1666,322786,193.75,1238,301,108,18,1,322786.03,56711.47,11246.96,0.11,0.11,0.02,0.00
SDowns-F-62050,QLD,SouthernDowns,SEQLD_FNNSW,1747,335430,192.00,1285,327,122,13,0,335429.68,53047.92,5755.34,0.11,0.11,0.02,0.00
Tenter-M-61949,NSW,Tenterfield,SEQLD_FNNSW,1594,313595,196.74,1187,277,104,25,1,313595.13,58803.49,12712.09,0.10,0.10,0.02,0.00
Tweed-Heads-F-M50445,NSW,TweedCoast,SEQLD_FNNSW,3266,939393,287.63,1642,952,528,133,11,939392.90,347445.56,96441.35,0.31,0.31,0.11,0.03
Tweed-Heads-M-53390,NSW,TweedCoast,SEQLD_FNNSW,4150,1140000,273.58,2120,1275,608,140,7,1135359.51,362355.18,72601.47,0.37,0.37,0.12,0.02
Tweed-Heads-M-57043,NSW,TweedCoast,SEQLD_FNNSW,2584,614453,237.79,1575,657,288,64,0,614452.77,157999.71,30721.24,0.20,0.20,0.05,0.01
COtway-F-Y32,VIC,CapeOtway,VIC,6522,1640000,251.80,3699,1852,797,170,4,1642217.97,465075.03,82957.04,0.53,0.53,0.15,0.03
COtway-F-Y37,VIC,CapeOtway,VIC,6465,1670000,258.02,3677,1738,860,176,14,1668070.83,510361.51,107426.44,0.54,0.54,0.17,0.03
COtway-F-Y49,VIC,CapeOtway,VIC,6545,1590000,242.94,3844,1799,759,138,5,1589911.19,409301.56,70344.79,0.52,0.52,0.13,0.02
COtway-F-Y60,VIC,CapeOtway,VIC,6279,1600000,254.71,3621,1667,811,167,13,1599338.72,469737.84,102851.23,0.52,0.52,0.15,0.03
COtway-M-Y40,VIC,CapeOtway,VIC,6335,1550000,245.42,3799,1601,773,157,5,1554733.46,428021.33,84670.00,0.50,0.51,0.14,0.03
F_SAWS13_HDS,VIC,Highlands,VIC,6649,1530000,230.39,4020,1828,702,96,3,1531831.64,319266.83,51690.12,0.50,0.50,0.10,0.02
F_SAWS31_SHGLD,VIC,SouthGippsland,VIC,6426,1420000,220.84,4062,1728,558,76,2,1419128.26,269992.23,37858.10,0.46,0.46,0.09,0.01
F-SAWS03-SHBS,VIC,Strathbogies,VIC,6677,1420000,212.08,4302,1811,502,62,0,1416056.83,208305.21,23235.76,0.46,0.46,0.07,0.01
F-SAWS04-SHBS,VIC,Strathbogies,VIC,5195,811632,156.23,4327,821,47,0,0,811631.69,7025.91,0.00,0.26,0.26,0.00,0.00
F-SAWS10-SHBS,VIC,Strathbogies,VIC,6297,1350000,213.81,4052,1682,505,57,1,1346335.22,217112.10,23197.53,0.44,0.44,0.07,0.01
F-SAWS21-FRIS,VIC,FrenchsIsland,VIC,6630,1510000,227.68,4052,1837,647,91,3,1509501.13,309505.62,45868.29,0.49,0.49,0.10,0.01
F-SAWS23-SHGLD,VIC,SouthGippsland,VIC,6180,1290000,209.10,4104,1553,470,52,1,1292223.28,202268.53,18635.83,0.42,0.42,0.07,0.01
Gelantipy-F-K11,VIC,Gelantipy,VIC,6668,1720000,258.29,3753,1826,895,188,6,1722207.00,516398.78,122367.29,0.56,0.56,0.17,0.04
Gelantipy-F-K13,VIC,Gelantipy,VIC,6569,1720000,261.26,3663,1799,909,184,14,1716245.54,535837.97,122321.45,0.56,0.56,0.17,0.04
Gelantipy-F-K15,VIC,Gelantipy,VIC,6608,1660000,250.67,3801,1810,813,175,9,1656445.54,455242.74,99355.54,0.54,0.54,0.15,0.03
Gelantipy-F-K16,VIC,Gelantipy,VIC,6692,1810000,270.06,3618,1853,992,220,9,1807252.28,608034.56,137629.09,0.59,0.59,0.20,0.04
Gelantipy-F-K17,VIC,Gelantipy,VIC,6552,1760000,268.54,3571,1804,949,217,11,1759500.44,570010.94,127224.04,0.57,0.57,0.19,0.04
Gelantipy-F-K18,VIC,Gelantipy,VIC,6600,1770000,268.56,3539,1918,917,213,13,1772521.18,566012.89,145137.62,0.58,0.58,0.18,0.05
Gelantipy-F-K20,VIC,Gelantipy,VIC,6712,1780000,264.50,3617,1967,926,195,7,1775308.92,540186.64,126178.43,0.58,0.58,0.18,0.04
Gelantipy-M-K12,VIC,Gelantipy,VIC,6637,1730000,259.96,3634,1749,799,170,7,1725326.34,523984.41,114943.61,0.56,0.56,0.17,0.04
Gelantipy-M-K14,VIC,Gelantipy,VIC,6782,1770000,261.58,3735,1796,904,191,11,1774037.91,542970.45,115663.56,0.58,0.58,0.18,0.04
Gelantipy-M-K19,VIC,Gelantipy,VIC,6572,1800000,273.28,3726,1905,943,199,9,1796013.17,591848.30,140141.56,0.59,0.58,0.19,0.05
Gelantipy-M-K5,VIC,Gelantipy,VIC,6359,1610000,253.39,3427,1953,966,213,13,1611316.17,464828.86,102087.17,0.52,0.52,0.15,0.03
Gipps-F-SAWS29,VIC,SouthGippsland,VIC,6501,1290000,198.99,4379,1681,420,21,0,1293635.40,129547.51,3126.14,0.42,0.42,0.04,0.00
Gipps-F-SAWS41,VIC,SouthGippsland,VIC,6261,1380000,220.13,4005,1615,560,79,2,1378224.65,277400.46,42398.05,0.45,0.45,0.09,0.01
Gipps-F-SAWS45,VIC,SouthGippsland,VIC,6359,1290000,202.86,4192,1716,427,24,0,1289968.96,154486.29,5428.26,0.42,0.42,0.05,0.00
Gipps-F-SAWS63,VIC,SouthGippsland,VIC,6223,1320000,211.39,4112,1546,502,63,0,1315476.82,217178.39,24133.54,0.43,0.43,0.07,0.01
Gipps-F-SAWS66,VIC,SouthGippsland,VIC,6128,1380000,224.62,3912,1532,590,88,6,1376385.13,298851.37,47595.52,0.45,0.45,0.10,0.02
Gipps-F-SAWS67,VIC,SouthGippsland,VIC,6115,1380000,225.10,3881,1555,580,95,4,1376511.75,296066.10,52862.36,0.45,0.45,0.10,0.02
Gipps-F-SAWS69,VIC,SouthGippsland,VIC,6711,1550000,231.28,4017,1883,719,91,1,1552112.63,326417.02,41683.54,0.50,0.51,0.11,0.01
Gipps-F-SAWS71,VIC,SouthGippsland,VIC,6044,1320000,219.05,3902,1522,534,83,3,1323910.12,251577.25,44161.69,0.43,0.43,0.08,0.01
Gipps-F-SAWS72,VIC,SouthGippsland,VIC,6214,1340000,215.73,4087,1519,535,73,0,1340558.82,257376.19,34815.85,0.44,0.44,0.08,0.01
Gipps-M-SAWS34,VIC,SouthGippsland,VIC,6381,1370000,215.11,4145,1627,551,58,0,1372636.27,242493.04,33241.46,0.45,0.45,0.08,0.01
Gipps-M-SAWS42,VIC,SouthGippsland,VIC,6246,1340000,214.71,4044,1606,522,74,0,1341079.52,229324.48,21445.70,0.44,0.44,0.07,0.01
Gipps-M-SAWS43,VIC,SouthGippsland,VIC,6309,1240000,196.68,4354,1546,384,25,0,1240836.73,132123.66,6639.26,0.40,0.40,0.04,0.00
Gipps-M-SAWS64,VIC,SouthGippsland,VIC,6219,1370000,219.79,3972,1623,537,86,0,1366878.37,265403.72,36276.35,0.45,0.44,0.09,0.01
Gipps-M-SAWS70,VIC,SouthGippsland,VIC,6215,1380000,222.27,4002,1540,577,95,1,1381412.81,288023.10,36537.55,0.45,0.45,0.09,0.01
Gipps-M-SAWS84,VIC,SouthGippsland,VIC,6120,1360000,222.52,3952,1539,516,109,4,1361846.65,297438.25,55408.73,0.44,0.44,0.10,0.02
M_Matt_Monaro,NSW,SouthernTablelands,VIC,3630,794498,218.87,2480,764,311,70,5,794398.35,199404.00,41633.14,0.26,0.26,0.06,0.01
M_SAWS01_HDS,VIC,Highlands,VIC,5301,1240000,234.70,3250,1418,519,107,7,1244145.68,313982.25,69616.67,0.40,0.41,0.10,0.02
M_SAWS05_SHBS,VIC,Strathbogies,VIC,6221,1400000,224.53,3922,1594,613,88,4,1396802.17,296240.97,48994.72,0.46,0.45,0.10,0.02
M_SAWS17_SHGLD,VIC,SouthGippsland,VIC,6181,1310000,211.72,4026,1584,527,44,0,1308629.21,205999.36,18558.36,0.43,0.43,0.07,0.01
M_SAWS27_SHGLD,VIC,SouthGippsland,VIC,6100,1310000,215.30,3954,1574,500,72,0,1313354.51,244415.05,35873.57,0.43,0.43,0.08,0.01
Mallacoota-U-Abigail,VIC,Mallacoota,VIC,6564,1660000,253.01,3752,1787,834,184,7,1660726.25,486538.21,98069.96,0.54,0.54,0.16,0.03
Mallacoota-U-Annie,VIC,Mallacoota,VIC,6754,1900000,280.87,3527,1917,1035,254,21,1896961.51,666749.17,166227.43,0.62,0.62,0.22,0.05
Mallacoota-U-Blinky,VIC,Mallacoota,VIC,6737,1850000,274.81,3567,1917,1005,230,18,1851387.53,634708.76,156064.16,0.60,0.60,0.21,0.05
Mallacoota-U-Frankie,VIC,Mallacoota,VIC,6465,1630000,252.34,3720,1781,787,160,17,1631296.81,468983.85,107627.80,0.53,0.53,0.15,0.04
Mallacoota-U-Solo,VIC,Mallacoota,VIC,6482,1570000,241.49,3851,1723,779,126,3,1565232.28,411840.56,72936.21,0.51,0.51,0.13,0.02
Mallacoota-U-Trip,VIC,Mallacoota,VIC,6401,1610000,251.75,3696,1725,808,161,11,1611324.47,467333.78,118318.78,0.52,0.52,0.15,0.04
Mallacoota-U-Vicky,VIC,Mallacoota,VIC,6456,1680000,259.77,3662,1738,847,202,7,1677095.82,524606.90,123383.48,0.55,0.55,0.17,0.04
M-SAWS09-HDS,VIC,Highlands,VIC,6427,1220000,189.51,4462,1656,299,10,0,1218000.32,77393.47,3870.21,0.40,0.40,0.03,0.00
M-SAWS12-HDS,VIC,Highlands,VIC,6495,1440000,221.59,4129,1691,585,86,4,1439220.67,279013.87,40728.30,0.47,0.47,0.09,0.01
M-SAWS22-FRIS,VIC,FrenchsIsland,VIC,6628,1490000,224.38,4140,1769,622,93,4,1487219.60,293510.28,52701.07,0.49,0.48,0.10,0.02
M-SAWS24-SHBS,VIC,Strathbogies,VIC,6388,1370000,214.94,4093,1690,547,56,2,1373045.84,226486.08,20902.37,0.45,0.45,0.07,0.01
M-SAWS32-SHBS,VIC,Strathbogies,VIC,6566,1450000,220.20,4120,1764,606,74,2,1445832.20,267989.81,30426.23,0.47,0.47,0.09,0.01
M-SAWS33-SHGLD,VIC,SouthGippsland,VIC,6375,1350000,211.45,4140,1683,497,53,2,1347964.07,214109.25,21800.77,0.44,0.44,0.07,0.01
M-SAWS37-SHBS,VIC,Strathbogies,VIC,6371,1380000,217.13,4079,1633,606,53,0,1383314.14,249065.30,20640.97,0.45,0.45,0.08,0.01
MurRiv-F-F6,VIC,Cobram,VIC,6346,1620000,255.83,3644,1688,826,172,16,1623525.34,487301.78,109197.93,0.53,0.53,0.16,0.04
MurRiv-F-F8,VIC,Cobram,VIC,6443,1690000,261.53,3663,1709,852,206,13,1685014.91,544448.02,135991.03,0.55,0.55,0.18,0.04
MurRiv-F-FA,VIC,Cobram,VIC,6491,1640000,252.26,3777,1728,806,169,11,1637410.81,476614.14,104680.18,0.53,0.53,0.16,0.03
MurRiv-M-MR001,VIC,Cobram,VIC,6482,1660000,255.62,3716,1703,883,172,8,1656924.69,505016.76,96625.87,0.54,0.54,0.16,0.03
MurRiv-M-MR002,VIC,Cobram,VIC,6373,1570000,246.69,3814,1631,755,166,7,1572169.58,455698.86,102424.36,0.51,0.51,0.15,0.03
MurRiv-M-MR003,VIC,Cobram,VIC,6426,1600000,249.29,3784,1688,775,166,13,1601929.91,461423.91,89134.58,0.52,0.52,0.15,0.03
MurRiv-M-MR005,VIC,Cobram,VIC,6321,1550000,244.71,3736,1683,746,150,6,1546796.24,432373.94,93642.17,0.50,0.50,0.14,0.03
MurRiv-M-MR006,VIC,Cobram,VIC,6387,1610000,251.99,3702,1707,798,172,7,1609457.91,474395.46,96496.12,0.52,0.52,0.15,0.03
MurRiv-M-MR007,VIC,Cobram,VIC,6572,1650000,250.55,3838,1737,821,164,11,1646482.16,466851.54,100099.82,0.54,0.54,0.15,0.03
MurRiv-M-MR008,VIC,Cobram,VIC,6486,1620000,249.49,3777,1755,780,165,9,1618177.48,457045.02,117340.86,0.53,0.53,0.15,0.04
MurRiv-M-MR009,VIC,Cobram,VIC,6566,1680000,255.73,3776,1788,797,189,16,1679144.16,516526.91,133479.48,0.55,0.55,0.17,0.04
MurRiv-M-MR010,VIC,Cobram,VIC,6357,1620000,255.56,3689,1691,775,189,13,1624567.42,497574.51,120077.90,0.53,0.53,0.16,0.04
Narrandra-F-N18,NSW,Narrandera,VIC,2462,450092,182.82,1814,526,116,6,0,450091.73,41427.03,2148.77,0.15,0.15,0.01,0.00
Narrandra-F-N5,NSW,Narrandera,VIC,3249,814478,250.69,1896,863,407,80,3,814477.58,228715.22,47393.00,0.27,0.27,0.07,0.02
Narrandra-M-N15,NSW,Narrandera,VIC,3410,918225,269.27,1827,981,481,111,10,918225.36,307415.67,73450.46,0.30,0.30,0.10,0.02
Narran-M-45930,NSW,Narrandera,VIC,2792,805105,288.36,1431,798,425,131,7,805104.58,309180.50,91798.16,0.26,0.26,0.10,0.03
SWVic-F-Z73845,VIC,SouthWestVIC,VIC,6237,1450000,231.74,3884,1565,666,120,2,1445358.42,345049.44,56349.86,0.47,0.47,0.11,0.02
SWVic-F-Z73848,VIC,SouthWestVIC,VIC,6285,1530000,244.08,3754,1657,712,156,6,1534039.36,409802.61,101664.82,0.50,0.50,0.13,0.03
SWVic-M-Z73841,VIC,SouthWestVIC,VIC,6442,1500000,233.12,3903,1742,685,109,3,1501735.15,346389.49,47612.64,0.49,0.49,0.11,0.02
SWVic-M-Z73856,VIC,SouthWestVIC,VIC,6453,1600000,248.22,3758,1755,768,163,9,1601733.40,437093.20,88312.04,0.52,0.52,0.14,0.03
